{
    "loss": 11.8212890625,
    "accuracy": 0.5686274766921997
}