{
    "loss": 16.48584747314453,
    "accuracy": 0.5686274766921997
}