{
    "loss": 20.483505249023438,
    "accuracy": 0.5686274766921997
}